[
  {
    "libraryIdentifier" : "3e568962c1846d4927d44757bc968096",
    "format" : "arObject",
    "displayName" : "boseHeadphones.arobject"
  },
  {
    "libraryIdentifier" : "cf43331b761c05f38a9266b5743541f2",
    "format" : "arObject",
    "displayName" : "Macbook.arobject"
  },
  {
    "libraryIdentifier" : "6090c1162ab63daf572b2a6dce945d61",
    "format" : "image",
    "displayName" : "computer.jpeg"
  },
  {
    "libraryIdentifier" : "a0e27f5ac3ff85d9555882ee4ff1839a",
    "format" : "image",
    "displayName" : "comp.jpeg"
  },
  {
    "libraryIdentifier" : "0991e349afe75efbd374dd73cf0c7b02",
    "format" : "image",
    "displayName" : "comp.jpeg"
  }
]